{
  "Title": "Portal",
  "WebAppIdentifier": "portal",
  "WebAppIndex": "portal",
  "LocalDocPath": {
    "en-US": "imx/doc/OneIM_QER_WebPortal_en-us.html5/OneIM_QER_WebPortal.html",
    "de-DE": "imx/doc/OneIM_QER_WebPortal_de-de.html5/OneIM_QER_WebPortal.html",
    "de-CH": "imx/doc/OneIM_QER_WebPortal_de-de.html5/OneIM_QER_WebPortal.html",
    "de-AT": "imx/doc/OneIM_QER_WebPortal_de-de.html5/OneIM_QER_WebPortal.html"
  },
  "Translation": {
    "Langs": ["en-US", "de-DE", "de", "en"]
  },
  "routeConfig": {
    "login": "",
    "start": "dashboard"
  }
}
